Name,Party Name,LS
Bishnu Pada Ray,Bharatiya Janata Party,16
Ravindra Babu Pandula,Telugu Desam Party,16
Muthamsetti Srinivasa Rao,Telugu Desam Party,16
J.C. Divakar Reddy,Telugu Desam Party,16
Geetha Kothapalli,Yuvajana Sramika Rythu Congress Party,16
Sriram Malyadri,Telugu Desam Party,16
Naramalli Sivaprasad,Telugu Desam Party,16
Venkateswara Rao Magantti,Telugu Desam Party,16
Jayadev Galla,Telugu Desam Party,16
Kristappa Nimmala,Telugu Desam Party,16
Narasimham Thota,Telugu Desam Party,16
Renuka Butta,Yuvajana Sramika Rythu Congress Party,16
Konakalla Narayana Rao,Telugu Desam Party,16
S.P.Y. Reddy,Yuvajana Sramika Rythu Congress Party,16
Rayapati Sambasiva Rao,Telugu Desam Party,16
Gokaraju Ganga Raju,Bharatiya Janata Party,16
Murali Mohan Maganti,Telugu Desam Party,16
Kinjarapu Ram Mohan Naidu,Telugu Desam Party,16
Srinivas Kesineni,Telugu Desam Party,16
Hari Babu Kambhampati,Bharatiya Janata Party,16
Ashok Gajapathi Raju Pusapati,Telugu Desam Party,16
Ninong Ering,Indian National Congress,16
Kiren Rijiju,Bharatiya Janata Party,16
Biren Singh Engti,Indian National Congress,16
Sirajuddin Ajmal,All India United Democratic Front,16
Maulana Badruddin Ajmal,All India United Democratic Front,16
Rameswar Teli,Bharatiya Janata Party,16
Bijoya Chakravarty,Bharatiya Janata Party,16
Kamakhya Prasad Tasa,Bharatiya Janata Party,16
Gaurav Gogoi,Indian National Congress,16
Radheshyam Biswas,All India United Democratic Front,16
Naba Kumar Sarania,Independents,16
Pradan Baruah,Bharatiya Janata Party,16
Ramen Deka,Bharatiya Janata Party,16
Rajen Gohain,Bharatiya Janata Party,16
Km. Sushmita Dev,Indian National Congress,16
Ram Prasad Sarmah,Bharatiya Janata Party,16
Sarfaraz Alam,Rashtriya Janata Dal,16
Raj Kumar Singh,Bharatiya Janata Party,16
Sushil Kumar Singh,Bharatiya Janata Party,16
Jay Prakash Narayan Yadav,Rashtriya Janata Dal,16
Shailesh Kumar,Rashtriya Janata Dal,16
Ashwini Kumar Choubey,Bharatiya Janata Party,16
Kirti Azad,Bharatiya Janata Party,16
Hari Manjhi,Bharatiya Janata Party,16
Janak Ram,Bharatiya Janata Party,16
Ram Vilas Paswan,Lok Jan Shakti Party,16
Arun Kumar,Rashtriya Lok Samta Party,16
Chirag Paswan,Lok Jan Shakti Party,16
Birendra Kumar Chaudhary,Bharatiya Janata Party,16
Upendra Kushwaha,Rashtriya Lok Samta Party,16
Tariq Anwar,Nationalist Congress Party,16
Choudhary Mehboob Ali Kaiser,Lok Jan Shakti Party,16
Rajesh Ranjan,Rashtriya Janata Dal,16
Hukmdev Narayan Yadav,Bharatiya Janata Party,16
Janardan Singh Sigriwal,Bharatiya Janata Party,16
Veena Devi,Lok Jan Shakti Party,16
Ajay Nishad,Bharatiya Janata Party,16
Kaushalendra Kumar,Janata Dal (United),16
Giriraj Singh,Bharatiya Janata Party,16
Sanjay Jaiswal,Bharatiya Janata Party,16
Ram Kripal Yadav,Bharatiya Janata Party,16
Shatrughan Prasad Sinha,Bharatiya Janata Party,16
Santosh Kumar,Janata Dal (United),16
Radha Mohan Singh,Bharatiya Janata Party,16
Ramchandra Paswan,Lok Jan Shakti Party,16
Rajiv Pratap Rudy,Bharatiya Janata Party,16
Chhedi Paswan,Bharatiya Janata Party,16
Rama Devi,Bharatiya Janata Party,16
Ram Kumar Sharma,Rashtriya Lok Samta Party,16
Om Prakash Yadav,Bharatiya Janata Party,16
Ranjeet Ranjan,Indian National Congress,16
Nityanand Rai,Bharatiya Janata Party,16
Rama Kishore Singh,Lok Jan Shakti Party,16
Satish Chandra Dubey,Bharatiya Janata Party,16
Kirron Anupam Kher,Bharatiya Janata Party,16
Dinesh Kashyap,Bharatiya Janata Party,16
Lakhan Lal Sahu,Bharatiya Janata Party,16
Kamla Devi Patle,Bharatiya Janata Party,16
Vikram Usendi,Bharatiya Janata Party,16
Banshilal Mahto,Bharatiya Janata Party,16
Chandu Lal Sahu,Bharatiya Janata Party,16
Vishnu Deo Sai,Bharatiya Janata Party,16
Ramesh Bais,Bharatiya Janata Party,16
Abhishek Singh,Bharatiya Janata Party,16
Kamalbhan Singh Marabi,Bharatiya Janata Party,16
Natubhai Gomanbhai Patel,Bharatiya Janata Party,16
Lalubhai Babubhai Patel,Bharatiya Janata Party,16
Shripad Yesso Naik,Bharatiya Janata Party,16
Advocate Narendra Keshav Sawaikar,Bharatiya Janata Party,16
Paresh Rawal,Bharatiya Janata Party,16
Kirit Premjibhai Solanki,Bharatiya Janata Party,16
Naranbhai Bhikhabhai Kachhadiya,Bharatiya Janata Party,16
Dilip M. Patel,Bharatiya Janata Party,16
Haribhai Parthibhai Chaudhary,Bharatiya Janata Party,16
Prabhubhai Nagarbhai Vasava,Bharatiya Janata Party,16
Mansukhbhai Dhanjibhai Vasava,Bharatiya Janata Party,16
Bharati Dhirubhai Shyal,Bharatiya Janata Party,16
Ramsinh Pataliyabhai Rathwa,Bharatiya Janata Party,16
Jaswantsinh Sumanbhai Bhabhor,Bharatiya Janata Party,16
Lal Krishna Advani,Bharatiya Janata Party,16
Poonamben Hematbhai Maadam,Bharatiya Janata Party,16
Rajeshbhai Naranbhai Chudasama,Bharatiya Janata Party,16
Vinod Chavda,Bharatiya Janata Party,16
Devusinh Jesingbhai Chauhan,Bharatiya Janata Party,16
Jayshreeben Patel,Bharatiya Janata Party,16
C. R. Patil,Bharatiya Janata Party,16
Prabhatsinh Pratapsinh Chauhan,Bharatiya Janata Party,16
Liladharbhai Khodaji Vaghela,Bharatiya Janata Party,16
Vitthalbhai Hansrajbhai Radadiya,Bharatiya Janata Party,16
Mohanbhai Kalyanji Kundariya,Bharatiya Janata Party,16
Dipsinh Shankarsinh Rathod,Bharatiya Janata Party,16
Darshana Vikram Jardosh,Bharatiya Janata Party,16
Devajibhai Govindbhai Fatepara,Bharatiya Janata Party,16
Ranjanben Dhananjay Bhatt,Bharatiya Janata Party,16
K. C. Patel,Bharatiya Janata Party,16
Rattan Lal Kataria,Bharatiya Janata Party,16
Dharambir Singh,Bharatiya Janata Party,16
Krishan Pal Gurjar,Bharatiya Janata Party,16
Rao Inderjit Singh,Bharatiya Janata Party,16
Dushyant Chautala,Indian National Lok Dal,16
Ashwini Kumar,Bharatiya Janata Party,16
Raj Kumar Saini,Bharatiya Janata Party,16
Deepender Singh Hooda,Indian National Congress,16
Charanjeet Singh Rori,Indian National Lok Dal,16
Ramesh Chander Kaushik,Bharatiya Janata Party,16
Anurag Singh Thakur,Bharatiya Janata Party,16
Shanta Kumar,Bharatiya Janata Party,16
Ram Swaroop Sharma,Bharatiya Janata Party,16
Virender Kashyap,Bharatiya Janata Party,16
Muzaffar Hussain Baig,Jammu and Kashmir Peoples Democratic Party,16
Jugal Kishore Sharma,Bharatiya Janata Party,16
Farooq Abdullah,Jammu and Kashmir National Conference,16
Jitendra Singh,Bharatiya Janata Party,16
Sunil Kumar Singh,Bharatiya Janata Party,16
Pashupati Nath Singh,Bharatiya Janata Party,16
Shibu Soren,Jharkhand Mukti Morcha,16
Ravindra Kumar Pandey,Bharatiya Janata Party,16
Nishikant Dubey,Bharatiya Janata Party,16
Jayant Sinha,Bharatiya Janata Party,16
Bidyut Baran Mahato,Bharatiya Janata Party,16
Kariya Munda,Bharatiya Janata Party,16
Ravindra Kumar Ray,Bharatiya Janata Party,16
Sudarshan Bhagat,Bharatiya Janata Party,16
Vishnu Dayal Ram,Bharatiya Janata Party,16
Vijay Kumar Hansdak,Jharkhand Mukti Morcha,16
Ram Tahal Choudhary,Bharatiya Janata Party,16
Laxman Giluwa,Bharatiya Janata Party,16
Parvatagouda Chandanagouda Gaddigoudar,Bharatiya Janata Party,16
P. C. Mohan,Bharatiya Janata Party,16
D.V. Sadananda Gowda,Bharatiya Janata Party,16
Doddaalahalli Kempegowda Suresh,Indian National Congress,16
Suresh Chanabasappa Angadi,Bharatiya Janata Party,16
Venkatapura Subbaiah Ugrappa,Indian National Congress,16
Bhagwanth Khuba,Bharatiya Janata Party,16
Ramesh Chandappa Jigajinagi,Bharatiya Janata Party,16
R. Dhruvanarayana,Indian National Congress,16
M. Veerappa Moily,Indian National Congress,16
Prakash Babanna Hukkeri,Indian National Congress,16
B.N. Chandrappa,Indian National Congress,16
Nalin Kumar Kateel,Bharatiya Janata Party,16
Gowdar Mallikarjunappa Siddeshwara,Bharatiya Janata Party,16
Pralhad Venkatesh Joshi,Bharatiya Janata Party,16
Mallikarjun Kharge,Indian National Congress,16
H.D. Devegowda,Janata Dal (Secular),16
Shivkumar Chanabasappa Udasi,Bharatiya Janata Party,16
K.H. Muniyappa,Indian National Congress,16
Sanganna Amarappa Karadi,Bharatiya Janata Party,16
Lalanakere Ramegowda Shivaramegowda,Janata Dal (Secular),16
Prathap Simha,Bharatiya Janata Party,16
B.V. Naik,Indian National Congress,16
B. Y. Raghavendra,Bharatiya Janata Party,16
S.P. Muddahanumegowda,Indian National Congress,16
Km. Shobha Karandlaje,Bharatiya Janata Party,16
Anantkumar Hegde,Bharatiya Janata Party,16
K. C. Venugopal,Indian National Congress,16
Parayamparambil Kuttappan Biju,Communist Party of India (Marxist),16
Anirudhan Sampath,Communist Party of India (Marxist),16
Innocent,Independents,16
Kuruppassery Varkey Thomas,Indian National Congress,16
Joice George,Independents,16
P.K. Sreemathi Teacher,Communist Party of India (Marxist),16
P. Karunakaran,Communist Party of India (Marxist),16
N.K. Premachandran,Revolutionary Socialist Party,16
M. K. Raghavan,Indian National Congress,16
Kunhalikutty P.K.,Indian Union Muslim League,16
Suresh Kodikunnil,Indian National Congress,16
Richard Hay,Bharatiya Janata Party,16
M. B. Rajesh,Communist Party of India (Marxist),16
Anto Antony,Indian National Congress,16
E. T. Mohammed Basheer,Indian Union Muslim League,16
Shashi Tharoor,Indian National Congress,16
C. N. Jayadevan,Communist Party of India,16
Ramachandran Mullappally,Indian National Congress,16
Faizal P.P. Mohammed,Nationalist Congress Party,16
Bodhsingh Bhagat,Bharatiya Janata Party,16
Jyoti Dhurve,Bharatiya Janata Party,16
Bhagirath Prasad,Bharatiya Janata Party,16
Alok Sanjar,Bharatiya Janata Party,16
Kamal Nath,Indian National Congress,16
Prahlad Singh Patel,Bharatiya Janata Party,16
Savitri Thakur,Bharatiya Janata Party,16
Jyotiraditya Madhavrao Scindia,Indian National Congress,16
Narendra Singh Tomar,Bharatiya Janata Party,16
Uday Pratap Singh,Bharatiya Janata Party,16
Sumitra Mahajan,Bharatiya Janata Party,16
Rakesh Singh,Bharatiya Janata Party,16
Nand Kumar Singh Chauhan,Bharatiya Janata Party,16
Subhash Patel,Bharatiya Janata Party,16
Faggan Singh Kulaste,Bharatiya Janata Party,16
Sudheer Gupta,Bharatiya Janata Party,16
Anoop Mishra,Bharatiya Janata Party,16
Rodmal Nagar,Bharatiya Janata Party,16
Kantilal Bhuria,Indian National Congress,16
Janardan Mishra,Bharatiya Janata Party,16
Laxmi Narayan Yadav,Bharatiya Janata Party,16
Ganesh Singh,Bharatiya Janata Party,16
Gyan Singh,Bharatiya Janata Party,16
Riti Pathak,Bharatiya Janata Party,16
Virendra Kumar,Bharatiya Janata Party,16
Chintamani Malviya,Bharatiya Janata Party,16
Sushma Swaraj,Bharatiya Janata Party,16
Dilip Kumar Mansukhlal Gandhi,Bharatiya Janata Party,16
Sanjay Shamrao Dhotre,Bharatiya Janata Party,16
Anandrao Adsul,Shiv Sena,16
Chandrakant Bhaurao Khaire,Shiv Sena,16
Supriya Sadanand Sule,Nationalist Congress Party,16
Pritam Gopinath Munde,Bharatiya Janata Party,16
Madhukarrao Yashwantrao Kukde,Nationalist Congress Party,16
Kapil Moreshwar Patil,Bharatiya Janata Party,16
Prataprao Jadhav,Shiv Sena,16
Hansraj Gangaram Ahir,Bharatiya Janata Party,16
Subhash Ramrao Bhamre,Bharatiya Janata Party,16
Harishchandra Deoram Chavan,Bharatiya Janata Party,16
Ashok Mahadeorao Nete,Bharatiya Janata Party,16
Raju alias Devappa Anna Shetti,Swabhimani Paksha,16
Rajeev Shankarrao Satav,Indian National Congress,16
A.T. Patil,Bharatiya Janata Party,16
Raosaheb Patil Danve,Bharatiya Janata Party,16
Shrikant Eknath Shinde,Shiv Sena,16
Dhananjay Bhimrao Mahadik,Nationalist Congress Party,16
Sunil Baliram Gaikwad,Bharatiya Janata Party,16
Vijaysinh Mohite Patil,Nationalist Congress Party,16
Shrirang Appa Barne,Shiv Sena,16
Rahul Ramesh Shewale,Shiv Sena,16
Gopal Chinayya Shetty,Bharatiya Janata Party,16
Poonam Mahajan,Bharatiya Janata Party,16
Kirit Somaiya,Bharatiya Janata Party,16
Gajanan Chandrakant Kirtikar,Shiv Sena,16
Arvind Ganpat Sawant,Shiv Sena,16
Nitin Jairam Gadkari,Bharatiya Janata Party,16
Ashok Shankarrao Chavan,Indian National Congress,16
Heena Vijaykumar Gavit,Bharatiya Janata Party,16
Hemant Tukaram Godse,Shiv Sena,16
Ravindra Vishwanath Gaikwad,Shiv Sena,16
Rajendra Dhedya Gavit,Bharatiya Janata Party,16
Sanjay Haribhau Jadhav,Shiv Sena,16
Shirole Anil Gulabrao,Bharatiya Janata Party,16
Anant Gangaram Geete,Shiv Sena,16
Krupal Balaji Tumane,Shiv Sena,16
Vinayak Bhaurao Raut,Shiv Sena,16
Raksha Nikhil Khadse,Bharatiya Janata Party,16
Sanjay Ramchandra Patil,Bharatiya Janata Party,16
Udayanraje Pratapsingh Bhonsle,Nationalist Congress Party,16
Sadashiv Kisan Lokhande,Shiv Sena,16
Shivaji Adhalrao Patil,Shiv Sena,16
Sharadkumar Maruti Bansode,Bharatiya Janata Party,16
Rajan Baburao Vichare,Shiv Sena,16
Ramdas Chandrabhanji Tadas,Bharatiya Janata Party,16
Ms. Bhawana Gawali,Shiv Sena,16
Thokchom Meinya,Indian National Congress,16
Thangso Baite,Indian National Congress,16
Vincent H Pala,Indian National Congress,16
C. L. Ruala,Indian National Congress,16
Tokheho,Nationalist Democratic Progressive Party,16
Harsh Vardhan,Bharatiya Janata Party,16
Maheish Girri,Bharatiya Janata Party,16
Meenakashi Lekhi,Bharatiya Janata Party,16
Manoj Kumar Tiwari,Bharatiya Janata Party,16
Udit Raj,Bharatiya Janata Party,16
Ramesh Bidhuri,Bharatiya Janata Party,16
Parvesh Sahib Singh,Bharatiya Janata Party,16
Rabindra Kumar Jena,Biju Janata Dal,16
Prabhas Kumar Singh,Biju Janata Dal,16
Sidhant Mohapatra,Biju Janata Dal,16
Arjun Charan Sethi,Biju Janata Dal,16
Prasanna Kumar Patasani,Biju Janata Dal,16
Kalikesh Narayan Singh Deo,Biju Janata Dal,16
Bhartruhari Mahtab,Biju Janata Dal,16
Tathagata Satpathy,Biju Janata Dal,16
Kulamani Samal,Biju Janata Dal,16
Rita Tarai,Biju Janata Dal,16
Arka Keshari Deo,Biju Janata Dal,16
Pratyusha Rajeshwari Singh,Biju Janata Dal,16
Sakuntala Laguri,Biju Janata Dal,16
Jhina Hikaka,Biju Janata Dal,16
Rama Chandra Hansdah,Biju Janata Dal,16
Balabhadra Majhi,Biju Janata Dal,16
Pinaki Misra,Biju Janata Dal,16
Nagendra Kumar Pradhan,Biju Janata Dal,16
Jual Oram,Bharatiya Janata Party,16
R. Radhakrishnan,All India N.R. Congress,16
Gurjeet Singh Aujla,Indian National Congress,16
Prem Singh Chandumajra,Shiromani Akali Dal,16
Harsimrat Kaur Badal,Shiromani Akali Dal,16
Sadhu Singh,Aam Aadmi Party,16
Harinder Singh Khalsa,Aam Aadmi Party,16
Sher Singh Ghubaya,Shiromani Akali Dal,16
Sunil Kumar Jakhar,Indian National Congress,16
Vijay Sampla,Bharatiya Janata Party,16
Santokh Singh Chaudhary,Indian National Congress,16
Ranjit Singh Brahmpura,Shiromani Akali Dal,16
Ravneet Singh,Indian National Congress,16
Dharam Vira Gandhi,Aam Aadmi Party,16
Bhagwant Mann,Aam Aadmi Party,16
Karan Singh Yadav,Indian National Congress,16
Manshankar Ninama,Bharatiya Janata Party,16
Col. Choudhary Sona Ram VSM,Bharatiya Janata Party,16
Bahadur Singh Koli,Bharatiya Janata Party,16
Subhash Chandra Baheria,Bharatiya Janata Party,16
Arjun Ram Meghwal,Bharatiya Janata Party,16
C. P. Joshi,Bharatiya Janata Party,16
Rahul Kaswan,Bharatiya Janata Party,16
Nihal Chand Chauhan,Bharatiya Janata Party,16
Col. Rajyavardhan Singh Rathore,Bharatiya Janata Party,16
Ramcharan Bohra,Bharatiya Janata Party,16
Devji Mansingram Patel,Bharatiya Janata Party,16
Dushyant Singh,Bharatiya Janata Party,16
Santosh Ahlawat,Bharatiya Janata Party,16
Gajendra Singh Shekhawat,Bharatiya Janata Party,16
Manoj Rajoria,Bharatiya Janata Party,16
Om Birla,Bharatiya Janata Party,16
C.R. Chaudhary,Bharatiya Janata Party,16
P.P. Chaudhary,Bharatiya Janata Party,16
Hariom Singh Rathore,Bharatiya Janata Party,16
Sumedhanand Saraswati,Bharatiya Janata Party,16
Sukhbir Singh Jaunapuria,Bharatiya Janata Party,16
Arjunlal Meena,Bharatiya Janata Party,16
Prem Das Rai,Sikkim Democratic Front,16
G. Hari,All India Anna Dravida Munnetra Kazhagam,16
Elumalai V.,All India Anna Dravida Munnetra Kazhagam,16
Vijayakumar S.R.,All India Anna Dravida Munnetra Kazhagam,16
T.G. Venkatesh Babu,All India Anna Dravida Munnetra Kazhagam,16
Jayakumar Jayavardhan,All India Anna Dravida Munnetra Kazhagam,16
M. Chandrakasi,All India Anna Dravida Munnetra Kazhagam,16
Nagarajan P.,All India Anna Dravida Munnetra Kazhagam,16
A. Arunmozhithevan,All India Anna Dravida Munnetra Kazhagam,16
Anbumani Ramadoss,Pattali Makkal Katchi,16
M. Udhayakumar,All India Anna Dravida Munnetra Kazhagam,16
S. Selvakumarachinnayan,All India Anna Dravida Munnetra Kazhagam,16
K. Kamaraj,All India Anna Dravida Munnetra Kazhagam,16
K. Maragatham,All India Anna Dravida Munnetra Kazhagam,16
Pon Radhakrishnan,Bharatiya Janata Party,16
M. Thambi Durai,All India Anna Dravida Munnetra Kazhagam,16
K. Ashokkumar,All India Anna Dravida Munnetra Kazhagam,16
R. Gopalakrishnan,All India Anna Dravida Munnetra Kazhagam,16
R.K. Bharathimohan,All India Anna Dravida Munnetra Kazhagam,16
K. Gopal,All India Anna Dravida Munnetra Kazhagam,16
P.R. Sundaram,All India Anna Dravida Munnetra Kazhagam,16
Gopalakrishnan Chinnaraj,All India Anna Dravida Munnetra Kazhagam,16
R.P. Marutharajaa,All India Anna Dravida Munnetra Kazhagam,16
C. Mahendran,All India Anna Dravida Munnetra Kazhagam,16
A. Anwhar Raajhaa,All India Anna Dravida Munnetra Kazhagam,16
V. Panneer Selvam,All India Anna Dravida Munnetra Kazhagam,16
P.R. Senthilnathan,All India Anna Dravida Munnetra Kazhagam,16
Krishnan Narayanasamy Ramachandran,All India Anna Dravida Munnetra Kazhagam,16
Vasanthi M.,All India Anna Dravida Munnetra Kazhagam,16
Parasuraman K.,All India Anna Dravida Munnetra Kazhagam,16
R. Parthipan,All India Anna Dravida Munnetra Kazhagam,16
Advocate Jayasingh Thiyagaraj Natterjee,All India Anna Dravida Munnetra Kazhagam,16
P. Kumar,All India Anna Dravida Munnetra Kazhagam,16
K.R.P. Prabakaran,All India Anna Dravida Munnetra Kazhagam,16
V. Sathyabama,All India Anna Dravida Munnetra Kazhagam,16
Ponnusamy Venugopal,All India Anna Dravida Munnetra Kazhagam,16
R. Vanaroja,All India Anna Dravida Munnetra Kazhagam,16
B. Senguttuvan,All India Anna Dravida Munnetra Kazhagam,16
S. Rajendran,All India Anna Dravida Munnetra Kazhagam,16
T. Radhakrishnan,All India Anna Dravida Munnetra Kazhagam,16
Nagesh Godam,Telangana Rashtra Samithi,16
Boora Narsaiah Goud,Telangana Rashtra Samithi,16
Konda Vishweshwar Reddy,Telangana Rashtra Samithi,16
Asaduddin Owaisi,All India Majlis-E-Ittehadul Muslimeen,16
Vinod Kumar Boianapalli,Telangana Rashtra Samithi,16
Ponguleti Srinivasa Reddy,Yuvajana Sramika Rythu Congress Party,16
Azmeera Seetaram Naik,Telangana Rashtra Samithi,16
A.P. Jithender Reddy,Telangana Rashtra Samithi,16
Kotha Prabhakar Reddy,Telangana Rashtra Samithi,16
Nandi Yellaiah,Indian National Congress,16
Sukender Reddy Gutha,Indian National Congress,16
Kavitha Kalvakuntla,Telangana Rashtra Samithi,16
Bandaru Dattatreya,Bharatiya Janata Party,16
Dayakar Pasunoori,Telangana Rashtra Samithi,16
Bheemrao Baswanthrao Patil,Telangana Rashtra Samithi,16
Jitendra Chaudhury,Communist Party of India (Marxist),16
Sankar Prasad Datta,Communist Party of India (Marxist),16
Ram Shankar,Bharatiya Janata Party,16
Devendra Bhole Singh Singh,Bharatiya Janata Party,16
Satish Kumar Gautam,Bharatiya Janata Party,16
Shyama Charan Gupta,Bharatiya Janata Party,16
Hari Om Pandey,Bharatiya Janata Party,16
Rahul Gandhi,Indian National Congress,16
Kanwar Singh Tanwar,Bharatiya Janata Party,16
Dharmendra Kumar,Bharatiya Janata Party,16
Mulayam Singh Yadav,Samajwadi Party,16
Dharmendra Yadav,Samajwadi Party,16
Satya Pal Singh,Bharatiya Janata Party,16
Sushree Sadhvi Savitri Bai Phoole,Bharatiya Janata Party,16
Bharat Singh,Bharatiya Janata Party,16
Bhairon Prasad Mishra,Bharatiya Janata Party,16
Kamlesh Paswan,Bharatiya Janata Party,16
Priyanka Singh Rawat,Bharatiya Janata Party,16
Santosh Kumar Gangwar,Bharatiya Janata Party,16
Harish Dwivedi,Bharatiya Janata Party,16
Virendra Singh,Bharatiya Janata Party,16
Kunwar Bharatendra Singh,Bharatiya Janata Party,16
Bhola Singh,Bharatiya Janata Party,16
Mahendra Nath Pandey,Bharatiya Janata Party,16
Kalraj Mishra,Bharatiya Janata Party,16
Rekha Arun Verma,Bharatiya Janata Party,16
Jagdambika Pal,Bharatiya Janata Party,16
Rajveer Singh,Bharatiya Janata Party,16
Ashok Kumar Dohrey,Bharatiya Janata Party,16
Lallu Singh,Bharatiya Janata Party,16
Mukesh Rajput,Bharatiya Janata Party,16
Babulal Chaudhary,Bharatiya Janata Party,16
Sadhvi Niranjan Jyoti,Bharatiya Janata Party,16
Akshay Yadav,Samajwadi Party,16
Mahesh Sharma,Bharatiya Janata Party,16
Vijay Kumar Singh General,Bharatiya Janata Party,16
Manoj Kumar Sinha,Bharatiya Janata Party,16
Hari Narayan Rajbhar,Bharatiya Janata Party,16
Kirti Vardhan Singh,Bharatiya Janata Party,16
Praveen Kumar Nishad,Samajwadi Party,16
Kunwar Pushpendra Singh Chandel,Bharatiya Janata Party,16
Anshul Verma,Bharatiya Janata Party,16
Rajesh Kumar Diwakar,Bharatiya Janata Party,16
Bhanu Pratap Singh Verma,Bharatiya Janata Party,16
Krishna Pratap Singh,Bharatiya Janata Party,16
Uma Bharati Sushree,Bharatiya Janata Party,16
Begum Tabassum Hasan,Rashtriya Lok Dal,16
Brijbhushan Sharan Singh,Bharatiya Janata Party,16
Dimple Yadav,Samajwadi Party,16
Murli Manohar Joshi,Bharatiya Janata Party,16
Vinod Kumar Sonkar,Bharatiya Janata Party,16
Ajay Misra,Bharatiya Janata Party,16
Rajesh Pandey,Bharatiya Janata Party,16
Neelam Sonker,Bharatiya Janata Party,16
Rajnath Singh,Bharatiya Janata Party,16
Ram Charitra Nishad,Bharatiya Janata Party,16
Pankaj Chowdhary,Bharatiya Janata Party,16
Tejpratap Singh Yadav,Samajwadi Party,16
Hema Malini,Bharatiya Janata Party,16
Rajendra Agrawal,Bharatiya Janata Party,16
Anupriya Patel,Apna Dal,16
Anju Bala,Bharatiya Janata Party,16
Kaushal Kishore,Bharatiya Janata Party,16
Kunwar Sarvesh Kumar,Bharatiya Janata Party,16
Sanjeev Kumar Balyan,Bharatiya Janata Party,16
Yashwant Singh,Bharatiya Janata Party,16
Nagendra Pratap Singh Patel,Samajwadi Party,16
Maneka Sanjay Gandhi,Bharatiya Janata Party,16
Kunwar Haribansh Singh,Apna Dal,16
Sonia Gandhi,Indian National Congress,16
Nepal Singh,Bharatiya Janata Party,16
Chhotelal,Bharatiya Janata Party,16
Raghav Lakhanpal,Bharatiya Janata Party,16
Ravindra Kushawaha,Bharatiya Janata Party,16
Satya Pal Singh,Bharatiya Janata Party,16
Sharad Tripathi,Bharatiya Janata Party,16
Krishna Raj,Bharatiya Janata Party,16
Daddan Mishra,Bharatiya Janata Party,16
Rajesh Verma,Bharatiya Janata Party,16
Feroze Varun Gandhi,Bharatiya Janata Party,16
Sakshi Ji Swami Maharaj,Bharatiya Janata Party,16
Narendra Modi,Bharatiya Janata Party,16
Ajay Tamta,Bharatiya Janata Party,16
Maj Gen Bhuwan Chandra AVSM Khanduri,Bharatiya Janata Party,16
Ramesh Pokhriyal Nishank,Bharatiya Janata Party,16
Bhagat Singh Koshyari,Bharatiya Janata Party,16
Mala Rajya Laxmi Shah,Bharatiya Janata Party,16
Dasrath Tirkey,All India Trinamool Congress,16
Aparupa Poddar,All India Trinamool Congress,16
Babul Supriyo,Bharatiya Janata Party,16
Adhir Ranjan Chowdhury,Indian National Congress,16
Ms. Arpita Ghosh,All India Trinamool Congress,16
Mamata Thakur,All India Trinamool Congress,16
Dev Varma,All India Trinamool Congress,16
Kakoli Ghosh Dastidar,All India Trinamool Congress,16
Sunil Kumar Mondal,All India Trinamool Congress,16
Mamtaz Sanghamita,All India Trinamool Congress,16
Dinesh Trivedi,All India Trinamool Congress,16
Idris Ali,All India Trinamool Congress,16
Satabdi Roy,All India Trinamool Congress,16
Khan Saumitra,All India Trinamool Congress,16
Anupam Hazra,All India Trinamool Congress,16
Partha Pratim Ray,All India Trinamool Congress,16
S.S. Ahluwalia,Bharatiya Janata Party,16
Abhishek Banerjee,All India Trinamool Congress,16
Saugata Roy,All India Trinamool Congress,16
Deepak Adhikari,All India Trinamool Congress,16
Ratna De,All India Trinamool Congress,16
Prasun Banerjee,All India Trinamool Congress,16
Sugata Bose,All India Trinamool Congress,16
Bijoy Chandra Barman,All India Trinamool Congress,16
Abhijit Mukherjee,Indian National Congress,16
Pratima Mondal,All India Trinamool Congress,16
Uma Saren,All India Trinamool Congress,16
Sisir Kumar Adhikari,All India Trinamool Congress,16
Subrata Bakshi,All India Trinamool Congress,16
Sudip Bandyopadhyay,All India Trinamool Congress,16
Tapas Paul,All India Trinamool Congress,16
Abu Hasem Khan Choudhury,Indian National Congress,16
Mausam Noor,Indian National Congress,16
Choudhury Mohan Jatua,All India Trinamool Congress,16
Sandhya Roy,All India Trinamool Congress,16
Md. Badaruddoza Khan,Communist Party of India (Marxist),16
George Baker,Bharatiya Janata Party,16
Mriganka Mahato,All India Trinamool Congress,16
Mohammad Salim,Communist Party of India (Marxist),16
Tapas Mandal,All India Trinamool Congress,16
Kalyan Banerjee,All India Trinamool Congress,16
Dibyendu Adhikari,All India Trinamool Congress,16
Sajda Ahmed,All India Trinamool Congress,16
Goddeti Madhavi,YSR Congress Party,17
Ram Mohan Naidu Kinjarapu,Telugu Desam Party,17
Bellana Chandra Sekhar,YSR Congress Party,17
M. V. V. Satyanarayana,YSR Congress Party,17
Beesetti Venkata Satyavathi,YSR Congress Party,17
Vanga Geetha,YSR Congress Party,17
Chinta Anuradha,YSR Congress Party,17
Margani Bharat,YSR Congress Party,17
Raghu Rama Krishna Raju[1],YSR Congress Party,17
Kotagiri Sridhar,YSR Congress Party,17
Vallabhaneni Balasouri[2],YSR Congress Party,17
Kesineni Srinivas,Telugu Desam Party,17
Galla Jayadev,Telugu Desam Party,17
Lavu Sri Krishna Devarayalu,YSR Congress Party,17
Nandigam Suresh,YSR Congress Party,17
Magunta Sreenivasulu Reddy[3],YSR Congress Party,17
Pocha Brahmananda Reddy,YSR Congress Party,17
Sanjeev Kumar,YSR Congress Party,17
Talari Rangaiah,YSR Congress Party,17
Kuruva Gorantla Madhav,YSR Congress Party,17
Y. S. Avinash Reddy,YSR Congress Party,17
Adala Prabhakara Reddy,YSR Congress Party,17
Balli Durga Prasad Rao[4],YSR Congress Party,17
P. V. Midhun Reddy,YSR Congress Party,17
N. Reddeppa,YSR Congress Party,17
Kiren Rijiju,Bharatiya Janata Party,17
Tapir Gao,Bharatiya Janata Party,17
Kripanath Mallah,Bharatiya Janata Party,17
Rajdeep Roy,Bharatiya Janata Party,17
Horen Sing Bey,Bharatiya Janata Party,17
Badruddin Ajmal,All India United Democratic Front,17
Naba Kumar Sarania,Independent,17
Abdul Khaleque,Indian National Congress,17
Queen Oja,Bharatiya Janata Party,17
Dilip Saikia,Bharatiya Janata Party,17
Pallab Lochan Das,Bharatiya Janata Party,17
Pradyut Bordoloi,Indian National Congress,17
Gaurav Gogoi,Indian National Congress,17
Topon Kumar Gogoi,Bharatiya Janata Party,17
Rameswar Teli,Bharatiya Janata Party,17
Pradan Baruah,Bharatiya Janata Party,17
Baidyanath Prasad Mahto[5],Janata Dal (United),17
Sanjay Jaiswal,Bharatiya Janata Party,17
Radha Mohan Singh,Bharatiya Janata Party,17
Rama Devi,Bharatiya Janata Party,17
Sunil Kumar Pintu,Janata Dal (United),17
Ashok Kumar Yadav,Bharatiya Janata Party,17
Ramprit Mandal,Janata Dal (United),17
Dileshwar Kamait,Janata Dal (United),17
Pradeep Kumar Singh,Bharatiya Janata Party,17
Mohammad Jawed,Indian National Congress,17
Dulal Chandra Goswami,Janata Dal (United),17
Santosh Kumar,Janata Dal (United),17
Dinesh Chandra Yadav,Janata Dal (United),17
Gopal Jee Thakur,Bharatiya Janata Party,17
Ajay Nishad,Bharatiya Janata Party,17
Veena Devi,Rashtriya Lok Janshakti Party,17
Alok Kumar Suman,Janata Dal (United),17
Kavita Singh,Janata Dal (United),17
Janardan Singh Sigriwal,Bharatiya Janata Party,17
Rajiv Pratap Rudy,Bharatiya Janata Party,17
Pashupati Kumar Paras,Rashtriya Lok Janshakti Party,17
Nityanand Rai,Bharatiya Janata Party,17
Ram Chandra Paswan[6],Lok Janshakti Party,17
Giriraj Singh,Bharatiya Janata Party,17
Mehboob Ali Kaiser,Rashtriya Janata Dal,17
Ajay Kumar Mandal,Janata Dal (United),17
Giridhari Yadav,Janata Dal (United),17
Lalan Singh,Janata Dal (United),17
Kaushalendra Kumar,Janata Dal (United),17
Ravi Shankar Prasad,Bharatiya Janata Party,17
Ram Kripal Yadav,Bharatiya Janata Party,17
Raj Kumar Singh,Bharatiya Janata Party,17
Ashwini Kumar Choubey,Bharatiya Janata Party,17
Chhedi Paswan,Bharatiya Janata Party,17
Mahabali Singh,Janata Dal (United),17
Chandeshwar Prasad,Janata Dal (United),17
Sushil Kumar Singh,Bharatiya Janata Party,17
Vijay Kumar Manjhi,Janata Dal (United),17
Chandan Singh,Rashtriya Lok Janshakti Party,17
Chirag Paswan,Lok Janshakti Party (Ram Vilas),17
Renuka Singh,Bharatiya Janata Party,17
Gomati Sai,Bharatiya Janata Party,17
Guharam Ajgalle,Bharatiya Janata Party,17
Jyotsna Mahant,Indian National Congress,17
Arun Sao,Bharatiya Janata Party,17
Santosh Pandey,Bharatiya Janata Party,17
Vijay Baghel,Bharatiya Janata Party,17
Sunil Kumar Soni,Bharatiya Janata Party,17
Chunni Lal Sahu,Bharatiya Janata Party,17
Deepak Baij,Indian National Congress,17
Mohan Mandavi,Bharatiya Janata Party,17
Shripad Yesso Naik,Bharatiya Janata Party,17
Francisco Sardinha,Indian National Congress,17
Vinodbhai Chavda,Bharatiya Janata Party,17
Parbatbhai Patel,Bharatiya Janata Party,17
Bharatsinhji Dabhi,Bharatiya Janata Party,17
Shardaben Patel,Bharatiya Janata Party,17
Dipsinh Shankarsinh Rathod,Bharatiya Janata Party,17
Amit Shah,Bharatiya Janata Party,17
Hasmukh Patel,Bharatiya Janata Party,17
Kirit Premjibhai Solanki,Bharatiya Janata Party,17
Mahendra Munjapara,Bharatiya Janata Party,17
Mohan Kundariya,Bharatiya Janata Party,17
Rameshbhai Dhaduk,Bharatiya Janata Party,17
Poonamben Maadam,Bharatiya Janata Party,17
Rajesh Chudasama,Bharatiya Janata Party,17
Naranbhai Kachhadia,Bharatiya Janata Party,17
Bharti Shiyal,Bharatiya Janata Party,17
Mitesh Rameshbhai Patel,Bharatiya Janata Party,17
Devusinh Jesingbhai Chauhan,Bharatiya Janata Party,17
Ratansinh Rathod,Bharatiya Janata Party,17
Jasvantsinh Sumanbhai Bhabhor,Bharatiya Janata Party,17
Ranjanben Dhananjay Bhatt,Bharatiya Janata Party,17
Gitaben Rathva,Bharatiya Janata Party,17
Mansukhbhai Vasava,Bharatiya Janata Party,17
Parbhubhai Vasava,Bharatiya Janata Party,17
Darshana Jardosh,Bharatiya Janata Party,17
C. R. Patil,Bharatiya Janata Party,17
K C Patel,Bharatiya Janata Party,17
Rattan Lal Kataria[7],Bharatiya Janata Party,17
Nayab Singh Saini,Bharatiya Janata Party,17
Sunita Duggal,Bharatiya Janata Party,17
Brijendra Singh,Bharatiya Janata Party,17
Sanjay Bhatia,Bharatiya Janata Party,17
Ramesh Chander Kaushik,Bharatiya Janata Party,17
Arvind Kumar Sharma,Bharatiya Janata Party,17
Dharambir Singh,Bharatiya Janata Party,17
Rao Inderjit Singh,Bharatiya Janata Party,17
Krishan Pal Gurjar,Bharatiya Janata Party,17
Kishan Kapoor,Bharatiya Janata Party,17
Ram Swaroop Sharma,Bharatiya Janata Party,17
Indian National Congress,Bharatiya Janata Party,17
Anurag Thakur,Bharatiya Janata Party,17
Suresh Kumar Kashyap,Bharatiya Janata Party,17
Vijay Hansdak,Jharkhand Mukti Morcha,17
Sunil Soren,Bharatiya Janata Party,17
Nishikant Dubey,Bharatiya Janata Party,17
Sunil Kumar Singh,Bharatiya Janata Party,17
Annapurna Devi Yadav,Bharatiya Janata Party,17
Chandra Prakash Choudhary,All Jharkhand Students Union,17
Pashupati Nath Singh,Bharatiya Janata Party,17
Sanjay Seth,Bharatiya Janata Party,17
Bidyut Baran Mahato,Bharatiya Janata Party,17
Geeta Koda,Bharatiya Janata Party,17
Arjun Munda,Bharatiya Janata Party,17
Sudarshan Bhagat,Bharatiya Janata Party,17
Vishnu Dayal Ram,Bharatiya Janata Party,17
Jayant Sinha,Bharatiya Janata Party,17
Annasaheb Jolle,Bharatiya Janata Party,17
Suresh Angadi[8],Bharatiya Janata Party,17
P. C. Gaddigoudar,Bharatiya Janata Party,17
Ramesh Jigajinagi,Bharatiya Janata Party,17
Umesh. G. Jadhav,Bharatiya Janata Party,17
Raja Amareshwara Naik,Bharatiya Janata Party,17
Bhagwanth Khuba,Bharatiya Janata Party,17
Karadi Sanganna Amarappa,Bharatiya Janata Party,17
Devendrappa,Bharatiya Janata Party,17
Shivkumar Chanabasappa Udasi,Bharatiya Janata Party,17
Pralhad Joshi,Bharatiya Janata Party,17
Anant Kumar Hegde,Bharatiya Janata Party,17
G. M. Siddeshwara,Bharatiya Janata Party,17
B. Y. Raghavendra,Bharatiya Janata Party,17
Shobha Karandlaje,Bharatiya Janata Party,17
Prajwal Revanna,Janata Dal (Secular),17
Nalin Kumar Kateel,Bharatiya Janata Party,17
A. Narayanaswamy,Bharatiya Janata Party,17
G. S. Basavaraj,Bharatiya Janata Party,17
Sumalatha Ambareesh,Bharatiya Janata Party,17
Pratap Simha,Bharatiya Janata Party,17
Srinivasa Prasad,Bharatiya Janata Party,17
D. K. Suresh,Indian National Congress,17
D. V. Sadananda Gowda,Bharatiya Janata Party,17
P. C. Mohan,Bharatiya Janata Party,17
Tejasvi Surya,Bharatiya Janata Party,17
B. N. Bache Gowda,Bharatiya Janata Party,17
S. Muniswamy,Bharatiya Janata Party,17
Rajmohan Unnithan,Indian National Congress,17
K. Sudhakaran,Indian National Congress,17
K. Muraleedharan,Indian National Congress,17
Rahul Gandhi,Indian National Congress,17
M. K. Raghavan,Indian National Congress,17
P. K. Kunhalikutty,Indian Union Muslim League,17
E. T. Mohammed Basheer,Indian Union Muslim League,17
V. K. Sreekandan,Indian National Congress,17
Ramya Haridas,Indian National Congress,17
T. N. Prathapan,Indian National Congress,17
Benny Behanan,Indian National Congress,17
Hibi Eden,Indian National Congress,17
Dean Kuriakose,Indian National Congress,17
Thomas Chazhikadan,Kerala Congress (M),17
A. M. Ariff,Communist Party of India (Marxist),17
Kodikunnil Suresh,Indian National Congress,17
Anto Antony,Indian National Congress,17
N. K. Premachandran,Revolutionary Socialist Party,17
Adoor Prakash,Indian National Congress,17
Shashi Tharoor,Indian National Congress,17
Narendra Singh Tomar,Bharatiya Janata Party,17
Sandhya Ray,Bharatiya Janata Party,17
Vivek Shejwalkar,Bharatiya Janata Party,17
Krishna Pal Singh Yadav,Bharatiya Janata Party,17
Raj Bahadur Singh,Bharatiya Janata Party,17
Virendra Kumar,Bharatiya Janata Party,17
Prahlad Singh Patel,Bharatiya Janata Party,17
V. D. Sharma,Bharatiya Janata Party,17
Ganesh Singh,Bharatiya Janata Party,17
Janardan Mishra,Bharatiya Janata Party,17
Riti Pathak,Bharatiya Janata Party,17
Himadri Singh,Bharatiya Janata Party,17
Rakesh Singh,Bharatiya Janata Party,17
Faggan Singh Kulaste,Bharatiya Janata Party,17
Dhal Singh Bisen,Bharatiya Janata Party,17
Nakul Nath,Indian National Congress,17
Uday Pratap Singh,Bharatiya Janata Party,17
Ramakant Bhargava,Bharatiya Janata Party,17
Pragya Thakur,Bharatiya Janata Party,17
Rodmal Nagar,Bharatiya Janata Party,17
Mahendra Solanki,Bharatiya Janata Party,17
Anil Firojiya,Bharatiya Janata Party,17
Sudheer Gupta,Bharatiya Janata Party,17
Guman Singh Damor,Bharatiya Janata Party,17
Chattar Singh Darbar,Bharatiya Janata Party,17
Shankar Lalwani,Bharatiya Janata Party,17
Gajendra Patel,Bharatiya Janata Party,17
Nandkumar Singh Chauhan[9],Bharatiya Janata Party,17
Durga Das Uikey,Bharatiya Janata Party,17
Heena Gavit,Bharatiya Janata Party,17
Subhash Bhamre,Bharatiya Janata Party,17
Raksha Khadse,Bharatiya Janata Party,17
Prataprao Ganpatrao Jadhav,Shiv Sena,17
Sanjay Shamrao Dhotre,Bharatiya Janata Party,17
Navneet Kaur Rana,Bharatiya Janata Party,17
Ramdas Tadas,Bharatiya Janata Party,17
Krupal Tumane,Shiv Sena,17
Nitin Gadkari,Bharatiya Janata Party,17
Sunil Baburao Mendhe,Bharatiya Janata Party,17
Ashok Nete,Bharatiya Janata Party,17
Suresh Dhanorkar,Indian National Congress,17
Bhavana Gawali,Shiv Sena,17
Hemant Patil,Shiv Sena,17
Prataprao Govindrao Chikhalikar,Bharatiya Janata Party,17
Sanjay Haribhau Jadhav,Shiv Sena (Uddhav Balasaheb Thackeray),17
Raosaheb Danve,Bharatiya Janata Party,17
Imtiyaz Jaleel,All India Majlis-e-Ittehadul Muslimeen,17
Bharati Pawar,Bharatiya Janata Party,17
Hemant Godse,Shiv Sena,17
Rajendra Gavit,Shiv Sena,17
Kapil Patil,Bharatiya Janata Party,17
Shrikant Shinde,Shiv Sena,17
Rajan Vichare,Shiv Sena (Uddhav Balasaheb Thackeray),17
Gopal Shetty,Bharatiya Janata Party,17
Gajanan Kirtikar,Shiv Sena,17
Manoj Kotak,Bharatiya Janata Party,17
Poonam Mahajan,Bharatiya Janata Party,17
Rahul Shewale,Shiv Sena,17
Arvind Sawant,Shiv Sena (Uddhav Balasaheb Thackeray),17
Sunil Tatkare,Nationalist Congress Party,17
Shrirang Barne,Shiv Sena,17
Girish Bapat,Bharatiya Janata Party,17
Supriya Sule,Nationalist Congress Party (Sharadchandra Pawar),17
Amol Kolhe,Nationalist Congress Party (Sharadchandra Pawar),17
Sujay Vikhe Patil,Bharatiya Janata Party,17
Sadashiv Lokhande,Shiv Sena,17
Pritam Munde,Bharatiya Janata Party,17
Omprakash Rajenimbalkar,Shiv Sena (Uddhav Balasaheb Thackeray),17
Sudhakar Tukaram Shrangare,Bharatiya Janata Party,17
Jaisidhesvar Swami,Bharatiya Janata Party,17
Ranjit Naik-Nimbalkar,Bharatiya Janata Party,17
Sanjay Ramchandra Patil,Bharatiya Janata Party,17
Udayanraje Bhosale,Nationalist Congress Party,17
Vinayak Raut,Shiv Sena (Uddhav Balasaheb Thackeray),17
Sanjay Mandlik,Shiv Sena,17
Dhairyasheel Sambhajirao Mane,Shiv Sena,17
Rajkumar Ranjan Singh,Bharatiya Janata Party,17
Lorho S. Pfoze,Naga People's Front,17
Vincent Pala,Indian National Congress,17
Agatha Sangma,National People's Party,17
C. Lalrosanga,Mizo National Front,17
Tokheho Yepthomi,Nationalist Democratic Progressive Party,17
Suresh Pujari,Bharatiya Janata Party,17
Jual Oram,Bharatiya Janata Party,17
Nitesh Ganga Deb,Bharatiya Janata Party,17
Chandrani Murmu,Biju Janata Dal,17
Bishweswar Tudu,Bharatiya Janata Party,17
Pratap Chandra Sarangi,Bharatiya Janata Party,17
Manjulata Mandal,Biju Janata Dal,17
Sarmistha Sethi,Biju Janata Dal,17
Mahesh Sahoo,Biju Janata Dal,17
Sangeeta Kumari,Bharatiya Janata Party,17
Basanta Kumar Panda,Bharatiya Janata Party,17
Ramesh Chandra Majhi,Biju Janata Dal,17
Achyutananda Samanta,Biju Janata Dal,17
Bhartruhari Mahtab,Biju Janata Dal,17
Anubhav Mohanty,Biju Janata Dal,17
Rajashree Mallick,Biju Janata Dal,17
Pinaki Mishra,Biju Janata Dal,17
Aparajita Sarangi,Bharatiya Janata Party,17
Pramila Bisoyi,Biju Janata Dal,17
Chandra Sekhar Sahu,Biju Janata Dal,17
Saptagiri Sankar Ulaka,Indian National Congress,17
Sunny Deol,Bharatiya Janata Party,17
Gurjeet Singh Aujla,Indian National Congress,17
Jasbir Singh Gill,Indian National Congress,17
Santokh Singh Chaudhary[10],Indian National Congress,17
Som Prakash,Bharatiya Janata Party,17
Manish Tewari,Indian National Congress,17
Ravneet Singh Bittu,Bharatiya Janata Party,17
Amar Singh,Indian National Congress,17
Muhammad Sadiq,Indian National Congress,17
Sukhbir Singh Badal,Shiromani Akali Dal,17
Harsimrat Kaur Badal,Shiromani Akali Dal,17
Bhagwant Mann,Aam Aadmi Party,17
Shiromani Akali Dal ,Aam Aadmi Party,17
Preneet Kaur,INC,17
Nihal Chand Chauhan,Bharatiya Janata Party,17
Arjun Ram Meghwal,Bharatiya Janata Party,17
Rahul Kaswan,Bharatiya Janata Party,17
Narendra Kumar,Bharatiya Janata Party,17
Sumedhanand Saraswati,Bharatiya Janata Party,17
Rajyavardhan Singh Rathore,Bharatiya Janata Party,17
Ramcharan Bohara,Bharatiya Janata Party,17
Balak Nath,Bharatiya Janata Party,17
Ranjeeta Koli,Bharatiya Janata Party,17
Manoj Rajoria,Bharatiya Janata Party,17
Jaskaur Meena,Bharatiya Janata Party,17
Sukhbir Singh Jaunapuria,Bharatiya Janata Party,17
Bhagirath Choudhary,Bharatiya Janata Party,17
Hanuman Beniwal,Rashtriya Loktantrik Party,17
P. P. Chaudhary,Bharatiya Janata Party,17
Gajendra Singh Shekhawat,Bharatiya Janata Party,17
Kailash Choudhary,Bharatiya Janata Party,17
Devaji Patel,Bharatiya Janata Party,17
Arjun Lal Meena,Bharatiya Janata Party,17
Kanak Mal Katara,Bharatiya Janata Party,17
Chandra Prakash Joshi,Bharatiya Janata Party,17
Diya Kumari,Bharatiya Janata Party,17
Subhash Chandra Baheria,Bharatiya Janata Party,17
Om Birla,Bharatiya Janata Party,17
Dushyant Singh,Bharatiya Janata Party,17
Indra Hang Subba,Sikkim Krantikari Morcha,17
K. Jeyakumar,Indian National Congress,17
Kalanidhi Veeraswamy,Dravida Munnetra Kazhagam,17
Thamizhachi Thangapandian,Dravida Munnetra Kazhagam,17
Dayanidhi Maran,Dravida Munnetra Kazhagam,17
T. R. Baalu,Dravida Munnetra Kazhagam,17
G. Selvam,Dravida Munnetra Kazhagam,17
S. Jagathrakshakan,Dravida Munnetra Kazhagam,17
D. M. Kathir Anand,Dravida Munnetra Kazhagam,17
A. Chellakumar,Indian National Congress,17
S. Senthil Kumar,Dravida Munnetra Kazhagam,17
C. N. Annadurai,Dravida Munnetra Kazhagam,17
M. K. Vishnu Prasad,Indian National Congress,17
D. Ravikumar,Dravida Munnetra Kazhagam,17
Gautam Sigamani,Dravida Munnetra Kazhagam,17
S. R. Parthiban,Dravida Munnetra Kazhagam,17
A. K. P. Chinraj,Dravida Munnetra Kazhagam,17
A. Ganeshamurthi,Dravida Munnetra Kazhagam,17
K. Subbarayan,Communist Party of India,17
A. Raja,Dravida Munnetra Kazhagam,17
P. R. Natarajan,Communist Party of India (Marxist),17
K. Shamugasundaram,Dravida Munnetra Kazhagam,17
P. Veluchamy,Dravida Munnetra Kazhagam,17
Jothimani,Indian National Congress,17
Su. Thirunavukkarasar,Indian National Congress,17
T. R. Paarivendhar,Dravida Munnetra Kazhagam,17
T. R. V. S. Ramesh,Dravida Munnetra Kazhagam,17
Thol. Thirumavalavan,Viduthalai Chiruthaigal Katchi,17
S. Ramalingam,Dravida Munnetra Kazhagam,17
M. Selvarasu,Communist Party of India,17
S. S. Palanimanickam,Dravida Munnetra Kazhagam,17
Karti Chidambaram,Indian National Congress,17
S. Venkatesan,Communist Party of India (Marxist),17
P. Ravindhranath,Independent,17
Manickam Tagore,Indian National Congress,17
Navaskani,Indian Union Muslim League,17
Kanimozhi Karunanidhi,Dravida Munnetra Kazhagam,17
Dhanush M. Kumar,Dravida Munnetra Kazhagam,17
S. Gnanathiraviam,Dravida Munnetra Kazhagam,17
H. Vasanthakumar[13],Indian National Congress,17
Soyam Bapu Rao,Bharatiya Janata Party,17
Venkatesh Netha Borlakunta[14],Bharat Rashtra Samithi,17
Bandi Sanjay Kumar,Bharatiya Janata Party,17
Dharmapuri Arvind,Bharatiya Janata Party,17
B. B. Patil[15],Bharat Rashtra Samithi,17
Kotha Prabhakar Reddy,Bharat Rashtra Samithi,17
A. Revanth Reddy,Indian National Congress,17
G. Kishan Reddy,Bharatiya Janata Party,17
Asaduddin Owaisi,All India Majlis-e-Ittehadul Muslimeen,17
G. Ranjith Reddy,Indian National Congress,17
Manne Srinivas Reddy,Bharat Rashtra Samithi,17
Pothuganti Ramulu[16],Bharat Rashtra Samithi,17
N. Uttam Kumar Reddy,Indian National Congress,17
Komatireddy Venkat Reddy,Indian National Congress,17
Pasunuri Dayakar,Indian National Congress,17
Kavitha Maloth,Bharat Rashtra Samithi,17
Nama Nageswara Rao,Bharat Rashtra Samithi,17
Pratima Bhoumik,Bharatiya Janata Party,17
Rebati Tripura,Bharatiya Janata Party,17
Haji Fazlur Rehman,Bahujan Samaj Party,17
Pradeep Kumar Choudhary,Bharatiya Janata Party,17
Sanjeev Kumar Balyan,Bharatiya Janata Party,17
Malook Nagar,Bahujan Samaj Party,17
Girish Chandra,Bahujan Samaj Party,17
S. T. Hasan,Samajwadi Party,17
Azam Khan,Samajwadi Party,17
Shafiqur Rehman Barq,Samajwadi Party,17
Kunwar Danish Ali(Won on BSP ticket but later joined INC,Indian National Congress,17
Rajendra Agrawal,Bharatiya Janata Party,17
Satya Pal Singh,Bharatiya Janata Party,17
V. K. Singh,Bharatiya Janata Party,17
Mahesh Sharma,Bharatiya Janata Party,17
Bhola Singh,Bharatiya Janata Party,17
Satish Kumar Gautam,Bharatiya Janata Party,17
Rajvir Singh Diler,Bharatiya Janata Party,17
Hema Malini,Bharatiya Janata Party,17
Satya Pal Singh Baghel,Bharatiya Janata Party,17
Rajkumar Chahar,Bharatiya Janata Party,17
Chandrasen Jadon,Bharatiya Janata Party,17
Mulayam Singh Yadav[17],Samajwadi Party,17
Rajveer Singh,Bharatiya Janata Party,17
Sanghmitra Maurya,Bharatiya Janata Party,17
Dharmendra Kashyap,Bharatiya Janata Party,17
Santosh Gangwar,Bharatiya Janata Party,17
Varun Gandhi,Bharatiya Janata Party,17
Arun Kumar Sagar,Bharatiya Janata Party,17
Ajay Kumar Mishra,Bharatiya Janata Party,17
Rekha Verma,Bharatiya Janata Party,17
Rajesh Verma,Bharatiya Janata Party,17
Jai Prakash Rawat,Bharatiya Janata Party,17
Ashok Kumar Rawat,Bharatiya Janata Party,17
Sakshi Maharaj,Bharatiya Janata Party,17
Kaushal Kishore,Bharatiya Janata Party,17
Rajnath Singh,Bharatiya Janata Party,17
Sonia Gandhi,Indian National Congress,17
Smriti Irani,Bharatiya Janata Party,17
Maneka Gandhi,Bharatiya Janata Party,17
Sangam Lal Gupta,Bharatiya Janata Party,17
Mukesh Rajput,Bharatiya Janata Party,17
Ram Shankar Katheria,Bharatiya Janata Party,17
Subrat Pathak,Bharatiya Janata Party,17
Satyadev Pachauri,Bharatiya Janata Party,17
Devendra Singh Bhole,Bharatiya Janata Party,17
Bhanu Pratap Singh Verma,Bharatiya Janata Party,17
Anurag Sharma,Bharatiya Janata Party,17
Pushpendra Singh Chandel,Bharatiya Janata Party,17
R. K. Singh Patel,Bharatiya Janata Party,17
Niranjan Jyoti,Bharatiya Janata Party,17
Vinod Sonkar,Bharatiya Janata Party,17
Keshari Devi Patel,Bharatiya Janata Party,17
Rita Bahuguna Joshi,Bharatiya Janata Party,17
Upendra Singh Rawat,Bharatiya Janata Party,17
Lallu Singh,Bharatiya Janata Party,17
Ritesh Pandey,Bharatiya Janata Party,17
Akshaibar Lal,Bharatiya Janata Party,17
Brij Bhushan Sharan Singh,Bharatiya Janata Party,17
Ram Shiromani Verma,Bahujan Samaj Party,17
Kirti Vardhan Singh,Bharatiya Janata Party,17
Jagdambika Pal,Bharatiya Janata Party,17
Harish Dwivedi,Bharatiya Janata Party,17
Praveen Kumar Nishad,Bharatiya Janata Party,17
Pankaj Choudhary,Bharatiya Janata Party,17
Ravi Kishan,Bharatiya Janata Party,17
Vijay Kumar Dubey,Bharatiya Janata Party,17
Ramapati Ram Tripathi,Bharatiya Janata Party,17
Kamlesh Paswan,Bharatiya Janata Party,17
Sangeeta Azad,Bharatiya Janata Party,17
Akhilesh Yadav,Samajwadi Party,17
Atul Rai,Bahujan Samaj Party,17
Ravindra Kushawaha,Bharatiya Janata Party,17
Virendra Singh Mast,Bharatiya Janata Party,17
Shyam Singh Yadav,Bahujan Samaj Party,17
B. P. Saroj,Bharatiya Janata Party,17
Afzal Ansari,Bahujan Samaj Party,17
Mahendra Nath Pandey,Bharatiya Janata Party,17
Narendra Modi,Bharatiya Janata Party,17
Ramesh Chand Bind,Bharatiya Janata Party,17
Anupriya Patel,Apna Dal (Sonelal),17
Pakaudi Lal Kol,Apna Dal (Sonelal),17
Mala Rajya Laxmi Shah,Bharatiya Janata Party,17
Tirath Singh Rawat,Bharatiya Janata Party,17
Ajay Tamta,Bharatiya Janata Party,17
Ajay Bhatt,Bharatiya Janata Party,17
Ramesh Pokhriyal,Bharatiya Janata Party,17
Nisith Pramanik,Bharatiya Janata Party,17
John Barla,Bharatiya Janata Party,17
Jayanta Kumar Roy,Bharatiya Janata Party,17
Raju Bista,Bharatiya Janata Party,17
Debasree Chaudhuri,Bharatiya Janata Party,17
Sukanta Majumdar,Bharatiya Janata Party,17
Khagen Murmu,Bharatiya Janata Party,17
Abu Hasem Khan Choudhury,Indian National Congress,17
Khalilur Rahaman,Trinamool Congress,17
Adhir Ranjan Chowdhury,Indian National Congress,17
Abu Taher Khan,Trinamool Congress,17
Mahua Moitra,Trinamool Congress,17
Jagannath Sarkar,Bharatiya Janata Party,17
Shantanu Thakur,Bharatiya Janata Party,17
Arjun singh,Bharatiya Janata Party,17
Saugata Roy,Trinamool Congress,17
Kakoli Ghosh Dastidar,Trinamool Congress,17
Nusrat Jahan,Trinamool Congress,17
Pratima Mondal,Trinamool Congress,17
Choudhury Mohan Jatua,Trinamool Congress,17
Abhishek Banerjee,Trinamool Congress,17
Mimi Chakraborty,Trinamool Congress,17
Mala Roy,Trinamool Congress,17
Sudip Bandyopadhyay,Trinamool Congress,17
Prasun Banerjee,Trinamool Congress,17
Sajda Ahmed,Trinamool Congress,17
Kalyan Banerjee,Trinamool Congress,17
Locket Chatterjee,Bharatiya Janata Party,17
Aparupa Poddar ,Trinamool Congress,17
Dibyendu Adhikari,Bharatiya Janata Party,17
Sisir Adhikari,Bharatiya Janata Party,17
Deepak Adhikari ,Trinamool Congress,17
Kunar Hembram,Trinamool Congress,17
Dilip Ghosh,Bharatiya Janata Party,17
Jyotirmay Singh Mahato,Bharatiya Janata Party,17
Subhas Sarkar,Bharatiya Janata Party,17
Saumitra Khan,Bharatiya Janata Party,17
Sunil Kumar Mandal,Trinamool Congress,17
S. S. Ahluwalia,Bharatiya Janata Party,17
Babul Supriyo,Bharatiya Janata Party,17
Trinamool Congress,Bharatiya Janata Party,17
Asit Kumar Mal,Bharatiya Janata Party,17
Satabdi Roy,Bharatiya Janata Party,17
Kuldeep Rai Sharma,Indian National Congress,17
Kirron Kher,Bharatiya Janata Party,17
Mohanbhai Sanjibhai Delkar,Independent,17
Lalubhai Patel,Bharatiya Janata Party,17
Mohammad Akbar Lone,Jammu & Kashmir National Conference,17
Farooq Abdullah,Jammu & Kashmir National Conference,17
Hasnain Masoodi,Jammu & Kashmir National Conference,17
Jitendra Singh,Bharatiya Janata Party,17
Jugal Kishore Sharma,Bharatiya Janata Party,17
Jamyang Tsering Namgyal,Bharatiya Janata Party,17
Mohammed Faizal Padippura,Nationalist Congress Party (Sharadchandra Pawar),17
Harsh Vardhan,Bharatiya Janata Party,17
Manoj Tiwari,Bharatiya Janata Party,17
Gautam Gambhir,Bharatiya Janata Party,17
Meenakshi Lekhi,Bharatiya Janata Party,17
Hans Raj Hans,Bharatiya Janata Party,17
Parvesh Verma,Bharatiya Janata Party,17
Ramesh Bidhuri,Bharatiya Janata Party,17
V. Vaithilingam,Indian National Congress,17
Mani A,Dravida Munnetra Kazhagam,18
Raja A,Dravida Munnetra Kazhagam,18
Brijmohan Agrawal,Bharatiya Janata Party,18
Damodar Agrawal,Bharatiya Janata Party,18
Narayandas Ahirwar,Samajwadi Party,18
Mian Altaf Ahmad,Jammu and Kashmir National Conference,18
Sajda Ahmed,All India Trinamool Congress,18
Angomcha Bimol Akoijam,Indian National Congress,18
Lovely Anand,Janata Dal (United),18
Thiru D M Kathir Anand,Dravida Munnetra Kazhagam,18
C N Annadurai,Dravida Munnetra Kazhagam,18
Afzal Ansari,Samajwadi Party,18
Anto Antony,Indian National Congress,18
Tariq Anwar,Indian National Congress,18
Alfred Kanngam S Arthur,Indian National Congress,18
D K Aruna,Bharatiya Janata Party,18
Bhumare Sandipanrao Asaram,Shiv Sena,18
Gurjeet Singh Aujla,Indian National Congress,18
Ramesh Awasthi,Bharatiya Janata Party,18
Manickam Tagore B,Indian National Congress,18
T R Baalu,Dravida Munnetra Kazhagam,18
M Mallesh Babu,Janata Dal (Secular),18
Patel Umeshbhai Babubhai,Independent,18
Harsimrat Kaur Badal,Shiromani Akali Dal,18
S P Singh Baghel,Bharatiya Janata Party,18
Vijay Baghel,Bharatiya Janata Party,18
G M Harish Balayogi,Telugu Desam Party,18
Anil Baluni,Bharatiya Janata Party,18
Nimuben Jayantibhai Bambhaniya,Bharatiya Janata Party,18
Sudip Bandyopadhyay,All India Trinamool Congress,18
Abhishek Banerjee,All India Trinamool Congress,18
Kalyan Banerjee,All India Trinamool Congress,18
Prasun Banerjee,All India Trinamool Congress,18
Rachna Banerjee,All India Trinamool Congress,18
Aashtikar Patil Nagesh Bapurao,Shiv Sena (Uddhav Balasaheb Thackrey),18
Shobhanaben Mahendrasinh Baraiya,Bharatiya Janata Party,18
Shrirang Appa Chandu Barne,Shiv Sena,18
Pradan Baruah,Bharatiya Janata Party,18
Shyamkumar Daulat Barve,Indian National Congress,18
E T Mohammed Basheer,Indian Union Muslim League,18
Joyanta Basumatary,"United Peoples Party, Liberal",18
Jagadish Chandra Barma Basunia,All India Trinamool Congress,18
Benny Behanan,Indian National Congress,18
Rabindra Narayan Behera,Bharatiya Janata Party,18
Hanuman Beniwal,Rashtriya Loktantrik Party,18
Ummeda Ram Beniwal,Indian National Congress,18
Jaswantsinh Sumanbhai Bhabhor,Bharatiya Janata Party,18
Anand Bhadauria,Samajwadi Party,18
Bhaskar Murlidhar Bhagare,Nationalist Congress Party - Sharadchandra Pawar,18
Sukhdeo Bhagat,Indian National Congress,18
Rajeev Bharadwaj,Bharatiya Janata Party,18
Arun Bharti,Lok Jan Shakti Party (Ram Vilas),18
Misha Bharti,Rashtriya Janata Dal,18
Ajay Bhatt,Bharatiya Janata Party,18
Chh. Udayanraje Pratapsinha Maharaj Bhonsle,Bharatiya Janata Party,18
Partha Bhowmick,All India Trinamool Congress,18
Srinivasa Varma B J P Varma Bhupathiraju,Bharatiya Janata Party,18
Ramvir Singh Bidhuri,Bharatiya Janata Party,18
Vinod Kumar Bind,Bharatiya Janata Party,18
Om Birla,Bharatiya Janata Party,18
Raju Bista,Bharatiya Janata Party,18
Basavaraj Bommai,Bharatiya Janata Party,18
Pradyut Bordoloi,Indian National Congress,18
Sunil Bose,Indian National Congress,18
Satpal Brahamchari,Indian National Congress,18
Robert Bruce C,Indian National Congress,18
Raj Kumar Chabbewal,Aam Aadmi Party,18
Rajkumar Chahar,Bharatiya Janata Party,18
Arup Chakraborty,All India Trinamool Congress,18
Gaddigoudar Parvatagouda Chandanagouda,Bharatiya Janata Party,18
Yogender Chandolia,Bharatiya Janata Party,18
Charanjit Singh Channi,Indian National Congress,18
P P Chaudhary,Bharatiya Janata Party,18
R K Chaudhary,Samajwadi Party,18
Ram Prasad Chaudhary,Samajwadi Party,18
Varun Chaudhry,Indian National Congress,18
Chandan Chauhan,Rashtriya Lok Dal,18
Devusinh Chauhan,Bharatiya Janata Party,18
Shahu Shahaji Chhatrapati,Indian National Congress,18
 Chhotelal,Samajwadi Party,18
Karti P Chidambaram,Indian National Congress,18
Raj Bhushan Choudhary,Bharatiya Janata Party,18
Iqra Choudhary,Samajwadi Party,18
Bhagirath Choudhary,Bharatiya Janata Party,18
Chandra Prakash Choudhary,AJSU Party,18
Darshan Singh Choudhary,Bharatiya Janata Party,18
Lumbaram Choudhary,Bharatiya Janata Party,18
Pankaj Choudhary,Bharatiya Janata Party,18
Roopkumari Choudhary,Bharatiya Janata Party,18
Isha Khan Choudhury,Indian National Congress,18
Phani Bhusan Choudhury,Asom Gana Parishad,18
Shivraj Singh Chouhan,Bharatiya Janata Party,18
Anita Nagarsingh Chouhan,Bharatiya Janata Party,18
Captain Brijesh Chowta,Bharatiya Janata Party,18
Rajesh Naranbhai Chudasama,Bharatiya Janata Party,18
Malaiyarasan D,Dravida Munnetra Kazhagam,18
Bharatsinhji Shankarji Dabhi,Bharatiya Janata Party,18
Mukeshkumar Chandrakaant Dalal,Bharatiya Janata Party,18
Kakoli Ghosh Dastidar,All India Trinamool Congress,18
Tatkare Sunil Dattatrey,Nationalist Congress Party,18
Biplab Kumar Deb,Bharatiya Janata Party,18
Kriti Devi Debbarman,Bharatiya Janata Party,18
Sangeeta Kumari Singh Deo,Bharatiya Janata Party,18
Anil Yeshwant Desai,Shiv Sena (Uddhav Balasaheb Thackrey),18
Sanjay Uttamrao Deshmukh,Shiv Sena (Uddhav Balasaheb Thackrey),18
Adhikari Deepak Dev,All India Trinamool Congress,18
Lavu Sri Krishna Devarayalu,Telugu Desam Party,18
Annpurna Devi,Bharatiya Janata Party,18
Malvika Devi,Bharatiya Janata Party,18
Veena Devi,Lok Jan Shakti Party (Ram Vilas),18
Vijaylakshmi Devi,Janata Dal (United),18
Arvind Dharmapuri,Bharatiya Janata Party,18
Anup Sanjay Dhotre,Bharatiya Janata Party,18
Bachhav Shobha Dinesh,Indian National Congress,18
Jitendra Kumar Dohare,Samajwadi Party,18
Nishikant Dubey,Bharatiya Janata Party,18
Ashish Dubey,Bharatiya Janata Party,18
Vijay Kumar Dubey,Bharatiya Janata Party,18
Ranjit Dutta,Bharatiya Janata Party,18
Hibi Eden,Indian National Congress,18
Captain Viriato Fernandes,Indian National Congress,18
Anil Firojiya,Bharatiya Janata Party,18
Selvam G,Dravida Munnetra Kazhagam,18
Vamsi Krishna Gaddam,Indian National Congress,18
Nitin Jairam Gadkari,Bharatiya Janata Party,18
Varsha Eknath Gaikwad,Indian National Congress,18
Dharamvira Gandhi,Indian National Congress,18
Rahul Gandhi,Indian National Congress,18
Abhijit Gangopadhyay,Bharatiya Janata Party,18
Chhatrapal Singh Gangwar,Bharatiya Janata Party,18
Tapir Gao,Bharatiya Janata Party,18
Atul Garg,Bharatiya Janata Party,18
Satish Kumar Gautam,Bharatiya Janata Party,18
Adv K. Francis George,Kerala Congress,18
Sayani Ghosh,All India Trinamool Congress,18
Sher Singh Ghubaya,Indian National Congress,18
Gaurav Gogoi,Indian National Congress,18
Suresh Gopi,Bharatiya Janata Party,18
K Gopinath,Indian National Congress,18
Arun Govil,Bharatiya Janata Party,18
Piyush Vedprakash Goyal,Bharatiya Janata Party,18
Sudheer Gupta,Bharatiya Janata Party,18
Krishan Pal Gurjar,Bharatiya Janata Party,18
Maddila Gurumoorthy,Yuvajana Sramika Rythu Congress Party,18
Bapi Haldar,All India Trinamool Congress,18
Mohmad Haneefa,Independent,18
Vijay Kumar Hansdak,Jharkhand Mukti Morcha,18
Gurmeet Singh Meet Hayer,Aam Aadmi Party,18
K Rajashekar Basavaraj Hitnal,Indian National Congress,18
Deepender Singh Hooda,Indian National Congress,18
Md. Rakibul Hussain,Indian National Congress,18
Kuldeep Indora,Indian National Congress,18
Rajpalsinh Mahendrasinh Jadav,Bharatiya Janata Party,18
Prataprao Ganpatrao Jadhav,Shiv Sena,18
Sanjay Haribhau Jadhav,Shiv Sena (Uddhav Balasaheb Thackrey),18
S Jagathratchakan,Dravida Munnetra Kazhagam,18
Sanjay Jaiswal,Bharatiya Janata Party,18
Manish Jaiswal,Bharatiya Janata Party,18
S Supongmeren Jamir,Indian National Congress,18
Kamlesh Jangde,Bharatiya Janata Party,18
Km. Priyanka Satish Jarkiholi,Indian National Congress,18
Bhajan Lal Jatav,Indian National Congress,18
Sanjna Jatav,Indian National Congress,18
Mohammad Jawed,Indian National Congress,18
Azad Kirti Jha,All India Trinamool Congress,18
Ramesh Chandappa Jigajinagi,Bharatiya Janata Party,18
Naveen Jindal,Bharatiya Janata Party,18
Hemang Joshi,Bharatiya Janata Party,18
Chandra Prakash Joshi,Bharatiya Janata Party,18
Pralhad Joshi,Bharatiya Janata Party,18
Ms. S Jothimani,Indian National Congress,18
Eswarasamy K,Dravida Munnetra Kazhagam,18
Navaskani K,Indian Union Muslim League,18
Subbarayan K,Communist Party of India,18
Vishweshwar Hegde Kageri,Bharatiya Janata Party,18
Kalyan Vaijinathrao Kale,Indian National Congress,18
Amar Sharadrao Kale,Nationalist Congress Party - Sharadchandra Pawar,18
Shivaji Bandappa Kalge,Indian National Congress,18
Appalanaidu Kalisetti,Telugu Desam Party,18
Dileshwar Kamait,Janata Dal (United),18
Malvinder Singh Kang,Aam Aadmi Party,18
Km. Shobha Karandlaje,Bharatiya Janata Party,18
Govind Makthappa Karjol,Bharatiya Janata Party,18
Kanimozhi Karunanidhi,Dravida Munnetra Kazhagam,18
Mahesh Kashyap,Bharatiya Janata Party,18
Suresh Kumar Kashyap,Bharatiya Janata Party,18
Rahul Kaswan,Indian National Congress,18
Kadiyam Kavya,Indian National Congress,18
Raksha Nikhil Khadse,Bharatiya Janata Party,18
Sarabjeet Singh Khalsa,Independent,18
Md Abu Taher Khan,All India Trinamool Congress,18
Saumitra Khan,Bharatiya Janata Party,18
Praveen Khandelwal,Bharatiya Janata Party,18
Sagar Eshwar Khandre,Indian National Congress,18
Kalipada Saren Kherwal,All India Trinamool Congress,18
Ravindra Shukla Alias Ravi Kishan,Bharatiya Janata Party,18
Jugal Kishore,Bharatiya Janata Party,18
Amol Ramsing Kolhe,Nationalist Congress Party - Sharadchandra Pawar,18
Faggan Singh Kulaste,Bharatiya Janata Party,18
Anand Kumar,Bharatiya Janata Party,18
D Ravi Kumar,Viduthalai Chiruthaigal Katchi,18
Virendra Kumar,Bharatiya Janata Party,18
Bandi Sanjay Kumar,Bharatiya Janata Party,18
Kaushalendra Kumar,Janata Dal (United),18
Manoj Kumar,Indian National Congress,18
Putta Mahesh Kumar,Telugu Desam Party,18
Sunil Kumar,Janata Dal (United),18
H D Kumaraswamy,Janata Dal (Secular),18
Kumari Selja,Indian National Congress,18
Adv Dean Kuriakose,Indian National Congress,18
Bharat Singh Kushwah,Bharatiya Janata Party,18
Babu Singh Kushwaha,Samajwadi Party,18
Chavda Vinod Lakhamshi,Bharatiya Janata Party,18
G Lakshminarayana,Telugu Desam Party,18
Kishori Lal,Indian National Congress,18
Manohar Lal,Bharatiya Janata Party,18
Shankar Lalwani,Bharatiya Janata Party,18
Nilesh Dnyandev Lanke,Nationalist Congress Party - Sharadchandra Pawar,18
Ajendra Singh Lodhi,Samajwadi Party,18
Rahul Singh Lodhi,Bharatiya Janata Party,18
Tharaniventhan M S,Dravida Munnetra Kazhagam,18
Poonamben Hematbhai Maadam,Bharatiya Janata Party,18
Utkarsh Verma Madhur,Samajwadi Party,18
Jyotsna Charandas Mahant,Indian National Congress,18
Chintamani Maharaj,Bharatiya Janata Party,18
Bidyut Baran Mahato,Bharatiya Janata Party,18
Dulu Mahato,Bharatiya Janata Party,18
Jyotirmay Singh Mahato,Bharatiya Janata Party,18
Bhartruhari Mahtab,Bharatiya Janata Party,18
Balabhadra Majhi,Bharatiya Janata Party,18
Naba Charan Majhi,Bharatiya Janata Party,18
Joba Majhi,Jharkhand Mukti Morcha,18
Sukanta Majumdar,Bharatiya Janata Party,18
Dineshbhai Makwana,Bharatiya Janata Party,18
Asit Kumar Mal,All India Trinamool Congress,18
Harsh Malhotra,Bharatiya Janata Party,18
June Maliah,All India Trinamool Congress,18
Harendra Singh Malik,Samajwadi Party,18
Hema Malini,Bharatiya Janata Party,18
Kripanath Mallah,Bharatiya Janata Party,18
Prabha Mallikarjun,Indian National Congress,18
Ajay Kumar Mandal,Janata Dal (United),18
Ramprit Mandal,Janata Dal (United),18
Mansukh Mandaviya,Bharatiya Janata Party,18
Dhairyasheel Sambhajirao Mane,Shiv Sena,18
Shashank Mani,Bharatiya Janata Party,18
Jitan Ram Manjhi,Hindustani Awam Morcha (Secular),18
C N Manjunath,Bharatiya Janata Party,18
Thiru Dayanidhi Maran,Dravida Munnetra Kazhagam,18
Imran Masood,Indian National Congress,18
Sribharat Mathukumilli,Telugu Desam Party,18
Neeraj Maurya,Samajwadi Party,18
Bijuli Kalita Medhi,Bharatiya Janata Party,18
Harish Chandra Meena,Indian National Congress,18
Murari Lal Meena,Indian National Congress,18
Arjun Ram Meghwal,Bharatiya Janata Party,18
Aga Syed Ruhullah Mehdi,Jammu and Kashmir National Conference,18
Mahima Kumari Mewar,Bharatiya Janata Party,18
Naresh Ganpat Mhaske,Shiv Sena,18
Balya Mama Suresh Gopinath Mhatre,Nationalist Congress Party - Sharadchandra Pawar,18
Rajesh Mishra,Bharatiya Janata Party,18
Janardan Mishra,Bharatiya Janata Party,18
Bag Mitali,All India Trinamool Congress,18
Narendra Modi,Bharatiya Janata Party,18
P C Mohan,Bharatiya Janata Party,18
Delkar Kalaben Mohanbhai,Bharatiya Janata Party,18
Murlidhar Mohol,Bharatiya Janata Party,18
Ms. Mahua Moitra,All India Trinamool Congress,18
Pratima Mondal,All India Trinamool Congress,18
Kali Charan Munda,Indian National Congress,18
Khagen Murmu,Bharatiya Janata Party,18
Bhojraj Nag,Bharatiya Janata Party,18
Rodmal Nagar,Bharatiya Janata Party,18
Bastipati Nagaraju,Telugu Desam Party,18
Godam Nagesh,Bharatiya Janata Party,18
Kinjarapu Rammohan Naidu,Telugu Desam Party,18
G Kumar Naik,Indian National Congress,18
Shripad Yesso Naik,Bharatiya Janata Party,18
Kirsan Namdeo,Indian National Congress,18
Ananta Nayak,Bharatiya Janata Party,18
Thiru Arun Nehru,Dravida Munnetra Kazhagam,18
Laxmikant Pappu Nishad,Samajwadi Party,18
Rambhual Nishad,Samajwadi Party,18
Brijendra Singh Ola,Indian National Congress,18
Jual Oram,Bharatiya Janata Party,18
Asaduddin Owaisi,All India Majlis-E-Ittehadul Muslimeen,18
Ganapathy Rajkumar P,Dravida Munnetra Kazhagam,18
Adv Gowaal Kagada Padavi,Indian National Congress,18
Prashant Yadaorao Padole,Indian National Congress,18
Jagdambika Pal,Bharatiya Janata Party,18
Baijayant Panda,Bharatiya Janata Party,18
Sanatan Pandey,Samajwadi Party,18
Santosh Pandey,Bharatiya Janata Party,18
Sukanta Kumar Panigrahi,Bharatiya Janata Party,18
Pradeep Kumar Panigrahy,Bharatiya Janata Party,18
Rudra Narayan Pany,Bharatiya Janata Party,18
Shafi Parambil,Indian National Congress,18
Bharti Pardhi,Bharatiya Janata Party,18
Jai Parkash,Indian National Congress,18
B K Parthasarathi,Telugu Desam Party,18
Chirag Paswan,Lok Jan Shakti Party (Ram Vilas),18
Kamlesh Paswan,Bharatiya Janata Party,18
Shiv Pal Singh Patel,Samajwadi Party,18
Dhaval Laxmanbhai Patel,Bharatiya Janata Party,18
Gajendra Singh Patel,Bharatiya Janata Party,18
Haribhai Patel,Bharatiya Janata Party,18
Hasmukhbhai Somabhai Patel,Bharatiya Janata Party,18
Mitesh Rameshbhai Patel,Bharatiya Janata Party,18
Naresh Chandra Uttam Patel,Samajwadi Party,18
Praveen Patel,Bharatiya Janata Party,18
Shreyas M Patel,Indian National Congress,18
Anupriya Patel,Apna Dal (Soneylal),18
Krishna Devi Shivshankar Patel,Samajwadi Party,18
Chandrakant Raghunath Patil,Bharatiya Janata Party,18
Gyaneshwar Patil,Bharatiya Janata Party,18
Sanjay Dina Patil,Shiv Sena (Uddhav Balasaheb Thackrey),18
Vishaldada Prakashbapu Patil,Independent,18
Sambit Patra,Bharatiya Janata Party,18
Kartick Chandra Paul,Bharatiya Janata Party,18
Chandra Sekhar Pemmasani,Telugu Desam Party,18
Kota Srinivasa Poojary,Bharatiya Janata Party,18
Balram Naik Porika,Indian National Congress,18
Dharmendra Pradhan,Bharatiya Janata Party,18
Adv. Adoor Prakash,Indian National Congress,18
Jai Prakash,Bharatiya Janata Party,18
K E Prakash,Dravida Munnetra Kazhagam,18
M K Vishnu Prasad,Indian National Congress,18
Awadhesh Prasad,Samajwadi Party,18
Ravi Shankar Prasad,Bharatiya Janata Party,18
Sudama Prasad,Communist Party of India (Marxist-Leninist) Liberation,18
Jitin Prasada,Bharatiya Janata Party,18
N K Premachandran,Revolutionary Socialist Party,18
Tanuj Punia,Indian National Congress,18
D. Purandeswari,Bharatiya Janata Party,18
Pradeep Purohit,Bharatiya Janata Party,18
Km. Sudha R,Indian National Congress,18
Sachithanantham R,Communist Party of India (Marxist),18
 Radhakrishna,Indian National Congress,18
K Radhakrishnan,Communist Party of India (Marxist),18
M K Raghavan,Indian National Congress,18
B Y Raghavendra,Bharatiya Janata Party,18
Kunduru Raghuveer,Indian National Congress,18
Khalilur Rahaman,All India Trinamool Congress,18
Nityanand Rai,Bharatiya Janata Party,18
Rajeev Rai,Samajwadi Party,18
Ramashankar Vidharthi Rajbhar,Samajwadi Party,18
Eatala Rajender,Bharatiya Janata Party,18
Omprakash Bhupalsinh Alias Pavan Rajenimbalkar,Shiv Sena (Uddhav Balasaheb Thackrey),18
Mukesh Rajput,Bharatiya Janata Party,18
Mohite Patil Dhairyasheel Rajsinh,Nationalist Congress Party - Sharadchandra Pawar,18
Amra Ram,Communist Party of India (Marxist),18
Vishnu Dayal Ram,Bharatiya Janata Party,18
C M Ramesh,Bharatiya Janata Party,18
Kangna Ranaut,Bharatiya Janata Party,18
Sukhjinder Singh Randhawa,Indian National Congress,18
Narayan Tatu Rane,Bharatiya Janata Party,18
Gumma Thanuja Rani,Yuvajana Sramika Rythu Congress Party,18
Rajesh Ranjan,Independent,18
Daggumalla Prasada Rao,Telugu Desam Party,18
Madhavaneni Raghunandan Rao,Bharatiya Janata Party,18
Radheshyam Rathiya,Bharatiya Janata Party,18
Rakesh Rathor,Indian National Congress,18
Jashubhai Bhilubhai Rathva,Bharatiya Janata Party,18
Mallu Ravi,Indian National Congress,18
Manna Lal Rawat,Bharatiya Janata Party,18
Ashok Kumar Rawat,Bharatiya Janata Party,18
Trivendra Singh Rawat,Bharatiya Janata Party,18
Sougata Ray,All India Trinamool Congress,18
Bishnu Pada Ray,Bharatiya Janata Party,18
Sandhya Ray,Bharatiya Janata Party,18
Chamala Kiran Kumar Reddy,Indian National Congress,18
G Kishan Reddy,Bharatiya Janata Party,18
Konda Vishweshwar Reddy,Bharatiya Janata Party,18
Magunta Sreenivasulu Reddy,Telugu Desam Party,18
P V Midhun Reddy,Yuvajana Sramika Rythu Congress Party,18
Ramasahayam Raghuram Reddy,Indian National Congress,18
Y S Avinash Reddy,Yuvajana Sramika Rythu Congress Party,18
Zia Ur Rehman,Samajwadi Party,18
Kiren Rijiju,Bharatiya Janata Party,18
Rajkumar Roat,Bharat Adivasi Party,18
Jayanta Kumar Roy,Bharatiya Janata Party,18
Mala Roy,All India Trinamool Congress,18
Satabdi Roy,All India Trinamool Congress,18
Rajiv Pratap Rudy,Bharatiya Janata Party,18
Parshottambhai Rupala,Bharatiya Janata Party,18
Matheswaran V S,Dravida Munnetra Kazhagam,18
Murasoli S,Dravida Munnetra Kazhagam,18
Arun Kumar Sagar,Bharatiya Janata Party,18
Bunty Vivek Sahu,Bharatiya Janata Party,18
Tokhan Sahu,Bharatiya Janata Party,18
Dilip Saikia,Bharatiya Janata Party,18
Swami Sachidanand Hari Sakshi,Bharatiya Janata Party,18
M P Abdussamad Samadani,Indian Union Muslim League,18
Saleng A Sangma,Indian National Congress,18
Rajkumar Sangwan,Rashtriya Lok Dal,18
Pratap Chandra Sarangi,Bharatiya Janata Party,18
Aparajita Sarangi,Bharatiya Janata Party,18
Sharmila Sarkar,All India Trinamool Congress,18
Jagannath Sarkar,Bharatiya Janata Party,18
Adv Priya Saroj,Samajwadi Party,18
Daroga Prasad Saroj,Samajwadi Party,18
Pushpendra Saroj,Samajwadi Party,18
Hemant Vishnu Savara,Bharatiya Janata Party,18
Arvind Ganpat Sawant,Shiv Sena (Uddhav Balasaheb Thackrey),18
Muhammed Hamdullah Sayeed,Indian National Congress,18
Jyotiraditya M Scindia,Bharatiya Janata Party,18
Kamaljeet Sehrawat,Bharatiya Janata Party,18
 Selvaganapathi T.M.,Dravida Munnetra Kazhagam,18
Sasikanth Senthil,Indian National Congress,18
Sanjay Seth,Bharatiya Janata Party,18
Avimanyu Sethi,Bharatiya Janata Party,18
Byreddy Shabari,Telugu Desam Party,18
Amit Shah,Bharatiya Janata Party,18
Mala Rajya Laxmi Shah,Bharatiya Janata Party,18
Devesh Shakya,Samajwadi Party,18
Mahesh Sharma,Bharatiya Janata Party,18
Alok Sharma,Bharatiya Janata Party,18
Anurag Sharma,Bharatiya Janata Party,18
Vishnu Datt Sharma,Bharatiya Janata Party,18
Manju Sharma,Bharatiya Janata Party,18
Abdul Rashid Sheikh,Independent,18
Adv. Chandra Shekhar,Azad Samaj Party (Kanshi Ram),18
Gajendra Singh Shekhawat,Bharatiya Janata Party,18
Suresh Kumar Shetkar,Indian National Congress,18
Jagadish Shettar,Bharatiya Janata Party,18
Chandubhai Chhaganbhai Shihora,Bharatiya Janata Party,18
Shrikant Eknath Shinde,Shiv Sena,18
Ms. Praniti Sushilkumar Shinde,Indian National Congress,18
Mohibbullah,Samajwadi Party,18
Janardan Singh Sigriwal,Bharatiya Janata Party,18
Amar Singh,Indian National Congress,18
Bhola Singh,Bharatiya Janata Party,18
Jitendra Singh,Bharatiya Janata Party,18
Amritpal Singh,Independent,18
Devendra Singh Alias Bhole Singh,Bharatiya Janata Party,18
Dharambir Singh,Bharatiya Janata Party,18
Dushyant Singh,Bharatiya Janata Party,18
Ganesh Singh,Bharatiya Janata Party,18
Giriraj Singh,Bharatiya Janata Party,18
Kali Charan Singh,Bharatiya Janata Party,18
Karan Bhushan Singh,Bharatiya Janata Party,18
Kirti Vardhan Singh,Bharatiya Janata Party,18
Pradeep Kumar Singh,Bharatiya Janata Party,18
Radha Mohan Singh,Bharatiya Janata Party,18
Raja Ram Singh,Communist Party of India (Marxist-Leninist) Liberation,18
Rajiv Ranjan Singh,Janata Dal (United),18
Rajnath Singh,Bharatiya Janata Party,18
Rao Inderjit Singh,Bharatiya Janata Party,18
Rao Rajendra Singh,Bharatiya Janata Party,18
Sudhakar Singh,Rashtriya Janata Dal,18
Ujjwal Raman Singh,Indian National Congress,18
Virendra Singh,Samajwadi Party,18
Himadri Singh,Bharatiya Janata Party,18
Abhay Kumar Sinha,Rashtriya Janata Dal,18
Shatrughan Prasad Sinha,All India Trinamool Congress,18
Kesineni Sivanath,Telugu Desam Party,18
Shambhavi,Lok Jan Shakti Party (Ram Vilas),18
Mahendra Singh Solanky,Bharatiya Janata Party,18
V Somanna,Bharatiya Janata Party,18
Sarbananda Sonowal,Bharatiya Janata Party,18
Bajrang Manohar Sonwane,Nationalist Congress Party - Sharadchandra Pawar,18
Nalin Soren,Jharkhand Mukti Morcha,18
Adhikari Soumendu,Bharatiya Janata Party,18
V K Sreekandan,Indian National Congress,18
Rani Srikumar,Dravida Munnetra Kazhagam,18
Tangella Uday Srinivas,Janasena Party,18
Indra Hang Subba,Sikkim Krantikari Morcha,18
Anita Subhadarshini,Bharatiya Janata Party,18
K Sudhakar,Bharatiya Janata Party,18
K Sudhakaran,Indian National Congress,18
Parimal Suklabaidya,Bharatiya Janata Party,18
Supriya Sule,Nationalist Congress Party - Sharadchandra Pawar,18
Alok Kumar Suman,Janata Dal (United),18
Kodikunnil Suresh,Indian National Congress,18
Dhanorkar Pratibha Suresh,Indian National Congress,18
Tejasvi Surya,Bharatiya Janata Party,18
Bharatbhai Manubhai Sutariya,Bharatiya Janata Party,18
Ms. Bansuri Swaraj,Bharatiya Janata Party,18
Ricky Andrew J Syngkon,Voice of the People Party,18
Thiru Thanga Tamilselvan,Dravida Munnetra Kazhagam,18
Ajay Tamta,Bharatiya Janata Party,18
Kanwar Singh Tanwar,Bharatiya Janata Party,18
Bibhu Prasad Tarai,Bharatiya Janata Party,18
Kamakhya Prasad Tasa,Bharatiya Janata Party,18
Krishna Prasad Tenneti,Telugu Desam Party,18
Manish Tewari,Indian National Congress,18
Geniben Nagaji Thakor,Indian National Congress,18
Anurag Singh Thakur,Bharatiya Janata Party,18
Devesh Chandra Thakur,Janata Dal (United),18
Gopal Jee Thakur,Bharatiya Janata Party,18
Shantanu Thakur,Bharatiya Janata Party,18
Vivek Thakur,Bharatiya Janata Party,18
Savitri Thakur,Bharatiya Janata Party,18
T Sumathy Alias Thamizhachi Thangapandian,Dravida Munnetra Kazhagam,18
Shashi Tharoor,Indian National Congress,18
Thirumaavalavan Tholkappiyan,Viduthalai Chiruthaigal Katchi,18
Manoj Tigga,Bharatiya Janata Party,18
Amarsing Tisso,Bharatiya Janata Party,18
Manoj Tiwari,Bharatiya Janata Party,18
Shivmangal Singh Tomar,Bharatiya Janata Party,18
E Tukaram,Indian National Congress,18
Durgadas D D Uikey,Bharatiya Janata Party,18
Saptagiri Sankar Ulaka,Indian National Congress,18
Rajmohan Unnithan,Indian National Congress,18
Com. Selvaraj V,Communist Party of India,18
Priyanka Gandhi Vadra,Indian National Congress,18
Durai Vaiko,Marumalarchi Dravida Munnetra Kazhagam,18
Ve Vaithilingam,Indian National Congress,18
Balashowry Vallabhaneni,Janasena Party,18
Anoop Pradhan Valmiki,Bharatiya Janata Party,18
Richard Vanlalhmangaiha,Zoram Peoples Movement,18
Vijayakumar Alias Vijay Vasanth,Indian National Congress,18
Chavan Ravindra Vasantrao,Indian National Congress,18
Mansukhbhai Dhanjibhai Vasava,Bharatiya Janata Party,18
Parbhubhai Nagarbhai Vasava,Bharatiya Janata Party,18
Kalanidhi Veeraswamy,Dravida Munnetra Kazhagam,18
Prabhakar Reddy Vemireddy,Telugu Desam Party,18
S Venkatesan,Communist Party of India (Marxist),18
K C Venugopal,Indian National Congress,18
Lalji Verma,Samajwadi Party,18
Rajesh Verma,Lok Jan Shakti Party (Ram Vilas),18
Ram Shiromani Verma,Samajwadi Party,18
Ruchi Vira,Samajwadi Party,18
Yaduveer Wadiyar,Bharatiya Janata Party,18
Smita Uday Wagh,Bharatiya Janata Party,18
Ravindra Dattaram Waikar,Shiv Sena,18
Rajabhau Parag Prakash Waje,Shiv Sena (Uddhav Balasaheb Thackrey),18
Bhausaheb Rajaram Wakchaure,Shiv Sena (Uddhav Balasaheb Thackrey),18
Balwant Baswant Wankhade,Indian National Congress,18
Lata Wankhede,Bharatiya Janata Party,18
Amrinder Singh Raja Warring,Indian National Congress,18
Aditya Yadav,Samajwadi Party,18
Akhilesh Yadav,Samajwadi Party,18
Akshay Yadav,Samajwadi Party,18
Ashok Kumar Yadav,Bharatiya Janata Party,18
Bhupender Yadav,Bharatiya Janata Party,18
Dharmendra Yadav,Samajwadi Party,18
Dinesh Chandra Yadav,Janata Dal (United),18
Giridhari Yadav,Janata Dal (United),18
Surendra Prasad Yadav,Rashtriya Janata Dal,18
Dimple Yadav,Samajwadi Party,18
Pathan Yusuf,All India Trinamool Congress,18
